Ano;Veículo;Qualis
2016;MP;C
2016;O;A1
2016;Y;A1
2016;WI;B2
2016;LDaW;C
2016;AP;C
2016;SP;A1
2016;PBaJ;B1
2016;LGaW;B5
2016;WTaH;A1
2016;W;B5
2016;T;B4
2016;GL;B2
2016;RGaG;B3
2016;F;A1
2016;WP;B2
2016;OI;C
2016;AMaH;B3
2016;PaS;B2
2016;DI;B5
2016;SWaM;B5
2016;BaS;B4
2016;WaS;C
2016;J;B3
2016;FHaG;B2
2016;M;C
2016;GG;B3
2016;BG;B1
2016;SSaC;B5
2016;MWaT;A2
2016;KWaB;B5
2016;S;B2
2016;BWaM;B1
2016;PG;B2
2016;HaS;B3
2016;CL;B1
2016;L;B4
2016;DL;A1
2016;CG;A2
2016;JL;B3
2016;MWaH;B2
2016;MG;B5
2016;SCaB;A1
2016;LMaT;A2
2016;G;B4
2016;LG;A1
2016;PTaC;B1
2016;WL;A1
2016;E;C
2016;R;B3
2016;VMaW;B4
2016;BP;B5
2016;RCaP;B3
2016;GDaH;B1
2016;RDaF;A1
2016;I;B3
2016;KI;B1
2016;DFaM;A2
2016;HL;A2
2016;EMaC;B5
2016;HRaW;B5
2016;OL;B1
2016;GaS;B4
2016;JPaS;A2
2016;GJaT;C
2016;OP;A2
2016;N;A2
2016;H;B1
2016;RHaS;C
2016;B;B4
2016;ML;B3
2016;BL;B2
2016;MSaR;B5
2016;SL;B3
2016;HGaF;C
2016;GAaR;A1
2016;D;A2
2016;C;B3
2016;LI;B2
2016;DOaR;B4
2016;TaS;C
2016;LL;B4
2016;JSaG;B3
2016;SKaR;B1
2016;FBaW;B1
2016;NaS;B3
2016;SJaR;B2
2016;RMaW;C
2016;BMaH;B4
2016;BSaF;A2
2016;EL;B4
2016;BCaH;A2
2016;DCaY;B3
2016;JaS;B2
2016;JBaM;B4
2016;SaS;A1
2016;JTaV;B3
2016;RWaJ;B1
2016;P;B1
2016;AL;A1
2016;BGaR;A2
2016;MRaS;B3
2016;SI;B2
2016;CI;B4
2016;PPaW;B1
2016;RaS;B1
2016;MI;B5
2016;HAaA;B5
2016;MBaN;C
2016;MWaB;B2
2016;V;B2
2016;WWaM;B4
2016;SBaO;B2
2016;A;A2
2016;ESaC;C
2016;TOaR;B4
2016;JFaH;B4
2016;CCaS;B2
2016;TBaN;B5
2016;GNaD;C
2016;FP;A2
2016;JMaM;A2
2016;MDaU;B1
2016;PGaH;C
2016;KAaK;A1
2016;HWaS;B2
2016;TRaM;A2
2016;RI;A1
2016;TL;B4
2016;RSaW;B3
2016;BI;C
2016;MMaJ;B5
2016;MGaB;B4
2016;JPaP;B4
2016;SG;B2
2016;JG;B5
2016;HP;B1
2016;HAaW;C
2016;PI;B4
2016;RSaC;B3
2016;WGaD;B1
2016;NG;B3
2016;NSaM;A1
2016;WSaS;C
2016;EWaP;B3
2016;JYaH;B1
2016;CP;B2
2016;GI;B2
2016;DHaV;B4
2016;ARaM;A1
2016;SMaD;A1
2016;FL;B1
2016;RRaC;A1
2016;K;A2
2016;FaS;A2
2016;CCaH;B4
2016;JP;A2
2016;AFaD;B3
2016;WJaP;A1
2016;RL;B5
2016;FMaW;C
2016;KL;C
2016;SCaM;A2
2016;HKaJ;B3
2016;KGaT;B2
2016;HI;B2
2016;AAaM;B1
2016;PCaH;B3
2016;RWaH;C
2016;DFaW;B4
2016;JWaM;A2
2016;HWaM;B5
2016;SMaH;A1
2016;JI;A1
2016;EI;C
2016;WVaA;A1
2016;TCaL;B2
2016;VaS;A2
2016;VL;B4
2016;WCaB;B5
2016;WLaE;B2
2016;ZFaB;C
2016;CPaR;B1
2016;MHaB;B1
2016;HPaB;A1
2016;JRaL;A2
2016;HMaD;B1
2016;DWaP;B1
2016;JHaN;A2
2016;NTaW;B2
2016;SGaM;B4
2016;NL;B5
2016;WMaH;B3
2016;ZDaA;B4
2016;JJaA;B4
2016;KFaD;A1
2016;CMaR;A1
2016;JBaB;A2
2016;CWaN;B3
2016;TBaT;B1
2016;LJaS;B1
2016;BMaC;B3
2016;WMaB;B5
2016;MHaM;A1
2016;DWaK;B2
2016;WWaB;B2
2016;HGaR;C
2016;RGaW;B4
2016;ABaG;B2
2016;BFaI;A1
2016;TI;B4
2016;LFaB;B3
2016;HGaT;A1
2016;DBaC;A2
2016;HSaC;A2
2016;MMaG;A2
2016;YBaY;A1
2016;ERaF;B5
2016;WSaM;B2
2016;WRaC;B3
2016;AaS;B4
2016;BOaJ;A2
2016;JSaP;A2
2016;WPaC;B1
2016;SEaM;C
2016;HGaH;A1
2016;FJaC;A2
2016;LHaP;B3
2016;DWaM;A1
2016;Q;B3
2016;TG;A2
2016;SKaM;B4
2016;OBaV;C
2016;TMaD;B3
2016;KSaS;A1
2016;LCaL;A1
2016;BTaD;B1
2016;LSaD;B4
2016;WG;B3
2016;WCaC;B2
2016;TFaM;C
2016;MKaV;B1
2016;AHaW;B1
2016;DP;B2
2016;GWaW;B1
2016;GJaB;B3
2016;HLaB;B1
2016;NWaL;B5
2016;HJaB;A1
2016;TAaH;A1
2016;ORaL;A2
2016;LBaR;A2
2016;AKaM;A2
2016;PBaA;A2
2016;BMaS;C
2016;LBaC;B5
2016;TYaS;B5
2016;HPaC;A1
2016;FRaG;B3
2016;SPaD;B5
2016;LLaC;A1
2016;LYaP;B5
2016;SWaR;C
2016;GBaM;B4
2016;SRaN;B4
2016;HIaM;B3
2016;MCaJ;B1
2016;NGaM;B4
2016;EaS;B4
2016;DBaG;A2
2016;GP;B1
2016;HG;B4
2016;CWaC;B3
2016;LaS;A2
2016;MTaN;B4
2016;MOaW;A2
2016;CLaN;A1
2016;MaS;C
2016;WWaS;B3
2016;PAaG;A1
2016;LTaM;B4
2016;CPaM;A2
2016;JBaH;B3
2016;RG;B3
2016;WCaJ;B5
2016;LCaM;A2
2016;TKaS;A2
2016;CJaW;C
2016;PEaH;B2
2016;TPaT;B4
2016;WHaM;B3
2016;HSaW;B1
2016;HCaH;A1
2016;BCaW;A2
2016;SFaG;A1
2016;MVaF;C
2016;THaD;B5
2016;BSaG;B4
2016;FG;C
2016;VBaP;B2
2016;FCaH;B2
2016;CaS;A1
2016;RKaH;A2
2016;RRaT;B4
2016;BVaA;B2
2016;RAaB;B1
2016;GRaB;A1
2016;JWaL;A2
2016;YSaS;B2
2016;CTaB;A1
2016;BBaS;A1
2016;VP;A1
2016;SRaM;B5
2016;PVaW;B1
2016;SLaC;C
2016;BCaG;C
2016;BHaB;B4
2016;NP;A2
2016;FBaR;B4
2016;HHaS;A2
2016;BMaD;B5
2016;DGaB;A1
2016;BEaM;C
2016;SWaY;B5
2016;HMaJ;A1
2016;SSaP;B4
2016;PL;A2
2016;OPaH;B4
2016;YL;B4
2016;ARaL;B1
2016;RWaM;C
2016;ORaS;C
2016;KRaO;A1
2016;VAaB;B4
2016;HMaG;C
2016;DBaA;B4
2016;HWaK;A1
2016;SWaW;B2
2016;URaS;B3
2016;WJaR;B4
2016;SSaL;A2
2016;HHaJ;B1
2016;RGaA;A1
2016;PDaL;A1
2016;PSaM;A2
2016;WTaP;C
2016;SVaE;A2
2016;MPaS;B1
2016;GFaH;A2
2016;FHaA;A1
2016;BWaO;B1
2016;RBaS;A1
2016;GWaM;A1
2016;SDaA;B5
2016;CGaH;B3
2016;VI;B3
2016;LVaG;B2
2016;THaB;B2
2016;AI;B2
2016;PBaS;B1
2016;CHaC;C
2016;OMaW;A2
2016;PSaJ;B5
2016;LGaN;B3
2016;JAaA;B5
2016;CMaA;B5
2016;FRaM;B5
2016;WMaW;B4
2016;CAaW;A2
2016;GMaR;A2
2016;HLaP;A2
2016;GAaH;C
2016;WDaF;B1
2016;MCaM;B2
2016;RDaR;A2
2016;DHaO;A2
2016;PZaJ;A1
2016;NLaT;B4
2016;FJaP;A1
2016;KG;B2
2016;JTaG;B5
2016;BGaM;B1
2016;EP;B5
2016;KBaM;C
2016;WHaW;A1
2016;NAaF;B3
2016;AG;B1
2016;LWaG;B2
2016;NLaC;C
2016;BDaW;B5
2016;DPaS;B2
2016;GJaL;B3
2016;GBaR;B1
2016;SLaE;B1
2016;CMaH;C
2016;CNaR;B1
2016;GSaB;A2
2016;MBaB;A1
2016;MBaW;A1
2016;DMaP;C
2016;NLaS;A2
2016;JGaC;B2
2016;HMaW;B1
2016;PMaA;B3
2016;TLaA;B1
2016;VWaD;B3
2016;SJaO;A2
2016;WLaG;B2
2016;HFaP;B2
2016;DHaH;A1
2016;DBaM;B5
2016;GMaW;A2
2016;BGaH;A1
2016;BEaO;C
2016;HOaJ;B5
2016;MSaE;B3
2016;RFaM;A1
2016;EG;C
2016;HWaG;C
2016;LBaM;B5
2016;DMaN;B3
2016;MSaF;B3
2016;KAaD;A2
2016;PAaW;C
2016;DPaP;B3
2016;CDaW;A1
2016;HSaS;A2
2016;EHaA;B3
2016;BWaR;B4
2016;PCaD;B4
2016;MSaB;C
2016;MFaW;B1
2016;NRaP;B4
2016;WLaM;B5
2016;ATaP;B2
2016;HEaS;B5
2016;AGaG;A1
2016;RSaJ;A1
2016;BSaS;B2
2016;DaS;A2
2016;JMaP;A2
2016;BDaC;A2
2016;PSaH;B3
2016;HBaJ;B3
2016;PWaB;C
2016;WGaK;C
2016;TKaH;A1
2016;FI;C
2016;MMaL;B1
2016;MRaA;B1
2016;TLaS;C
2016;OLaD;B3
2016;WKaC;B4
2016;GLaK;B1
2016;HRaH;B5
2016;WCaM;B3
2016;SCaY;B4
2016;DLaR;B2
2016;MMaD;B3
2016;RCaC;A2
2016;RCaM;B2
2016;WCaL;B1
2016;ZL;B4
2016;GHaM;B3
2016;KHaJ;B5
2016;BRaH;C
2016;PLaH;B1
2016;EMaT;B1
2016;RHaG;C
2016;ZP;B4
2016;RP;C
2016;MEaH;B5
2016;PRaS;B5
2016;MFaC;A1
2016;KWaW;B4
2016;PRaD;B3
2016;CCaR;B3
2016;WBaS;B2
2016;FAaM;B3
2016;MSaO;B5
2016;JAaC;B1
2016;CAaD;B5
2016;LPaA;C
2016;CMaG;B5
2016;MCaD;B1
2016;LWaJ;B2
2016;PWaA;B1
2016;CCaL;A2
2016;FMaA;B4
2016;FKaR;B1
2016;BMaL;B5
2016;BSaP;B3
2016;PHaT;A1
2016;NRaS;C
2016;TOaM;B1
2016;GDaG;A1
2016;OaS;B5
2016;BBaP;A1
2016;SNaN;B4
2016;MJaH;B3
2016;SCaS;C
2016;JDaS;A2
2016;CPaS;B4
2016;WWaH;A1
2016;ABaP;B5
2016;RWaE;B4
2016;MHaS;A1
2016;COaB;B1
2016;BBaR;C
2016;GJaJ;B4
2016;PMaW;B3
2016;HHaM;A2
2016;KCaP;B5
2016;HBaS;B1
2016;CTaR;C
2016;LP;B4
2016;RWaP;B4
2016;WLaR;A1
2016;SPaE;A1
2016;JMaW;A2
2016;JLaV;B2
2016;KHaW;B5
2016;BSaM;C
2016;PBaL;B4
2016;HCaB;A2
2016;MGaS;B4
2016;MGaG;B4
2016;MSaC;B2
2016;GMaC;B4
2016;STaT;A2
2016;VFaB;B5
2016;AMaM;B1
2016;JLaH;B5
2016;KWaM;A2
2016;HKaC;B3
2016;FHaF;B4
2016;GKaW;A1
2016;EAaF;B2
2016;CBaG;B2
2016;LMaR;B5
2016;WAaK;B3
2016;VG;B1
2016;SKaP;A1
2016;VSaP;B3
2016;CNaT;B4
2016;HTaM;A2
2016;BPaA;B3
2016;DBaR;B2
2016;MJaC;B1
2016;CWaM;A1
2016;OSaL;B5
2016;FRaK;B3
2016;WFaH;B2
2016;STaE;A1
2016;MLaA;B2
2016;CWaB;B1
2016;RUaR;A2
2016;SRaW;A1
2016;SNaW;C
2016;JLaL;B3
2016;OHaH;B5
2016;TKaC;B1
2016;HMaF;A2
2016;BGaW;B3
2016;GHaN;B1
2016;JWaW;C
2016;SMaM;A2
2016;MRaB;A1
2016;PRaB;B2
2016;LEaA;C
2016;HMaL;A1
2016;WGaW;B5
2016;THaP;B4
2016;TBaP;B4
2016;KWaT;B5
2016;SLaB;B1
2016;GBaC;B5
2016;RHaA;B2
2016;RHaL;B5
2016;MVaM;B3
2016;BCaB;B3
2016;YHaB;A1
2016;BCaF;B1
2016;SCaL;B2
2016;HBaM;C
2016;AJaS;A2
2016;MGaY;C
2016;JHaC;B1
2016;VWaJ;B5
2016;CSaW;B3
2016;ARaR;B1
2016;CMaB;B1
2016;EMaM;B4
2016;KP;B5
2016;LAaT;A2
2016;PZaM;B2
2016;EAaS;B3
2016;RLaR;B5
2016;TMaH;B3
2016;LAaL;B5
2016;VGaR;B5
2016;KaS;B5
2016;AKaB;B4
2016;LMaH;A1
2016;LGaT;B2
2016;SPaW;A2
2016;RGaR;C
2016;EHaP;B2
2016;FGaP;A2
2016;FWaF;A1
2016;DBaJ;B5
2016;TSaB;A1
2016;BBaE;A2
2016;TWaB;B4
2016;HHaH;A2
2016;TNaO;B2
2016;SBaG;A2
2016;RRaZ;B3
2016;TCaR;B4
2016;LFaL;B4
2016;HWaB;C
2016;NJaP;B5
2016;DPaC;B1
2016;JIaN;A2
2016;RTaM;A2
2016;OSaF;B5
2016;PSaL;B2
2016;WAaB;B1
2016;RHaM;A1
2016;GSaS;B1
2016;WLaS;B1
2016;BRaM;A1
2016;LBaA;B2
2016;YBaW;B2
2016;PJaJ;A2
2016;TTaG;C
2016;HDaR;C
2016;JMaG;B4
2016;SWaP;C
2016;FMaM;A2
2016;PDaS;A1
2016;YP;B1
2016;LJaJ;C
2016;ETaR;A1
2016;RPaB;B4
2016;MMaP;B2
2016;OG;B4
2016;JRaR;B1
2016;ECaM;A1
2016;NWaJ;B4
2016;BTaT;A1
2016;SSaM;C
2016;CTaK;A1
2016;JHaH;B5
2016;CWaH;B1
2016;PFaH;B2
2016;YaS;B2
2016;AMaE;A1
2016;SRaG;C
2016;CLaS;B4
2016;GWaG;B4
2016;COaW;B2
2016;SRaD;B3
2016;ARaG;B3
2016;BBaM;B2
2016;SHaW;B4
2016;CBaK;B1
2016;TJaP;B3
2016;BHaS;B4
2016;LCaD;A1
2016;PGaG;B1
2016;PAaS;C
2016;MRaH;B2
2016;SSaS;A2
2016;BCaJ;B1
2016;MLaT;B1
2016;AFaA;A2
2016;RRaM;B2
2016;CPaW;B2
2016;CEaB;B3
2016;WYaT;A1
2016;DRaW;A2
2016;DLaD;C
2016;MYaL;B5
2016;WBaW;B1
2016;HMaM;B5
2016;RMaD;B3
2016;PP;A2
2016;LWaD;A2
2016;TJaH;B1
2016;SHaC;B5
2016;MDaG;B1
2016;MRaJ;A2
2016;BLaL;C
2016;MNaC;A1
2016;CJaF;B2
2016;MPaC;B1
2016;MBaH;C
2016;BKaA;B1
2016;JBaF;B3
