Sigla;Nome;Tipo;Impacto;ISSN
MP;Munoz PLC;C;0;
O;Olsen-Collier;C;0;
Y;Yu-Bennett;P;0;5306-720X
WI;Wilson Inc;P;0;3973-999X
LDaW;Logan, Dean and Wood;C;0;
AP;Andrews PLC;P;0;6517-7625
SP;Stewart PLC;C;0;
PBaJ;Phillips, Branch and Johnson;C;0;
LGaW;Lambert, Gregory and Williams;C;0;
WTaH;Wood, Thompson and Hatfield;C;0;
W;Werner-Walker;P;18,2;8792-925X
T;Tran-Williams;P;0;0390-3363
GL;Garrison LLC;C;16,45;
RGaG;Richards, Guerrero and Gomez;C;8,25;
F;Frazier-Lambert;P;0;6430-8311
WP;Williams PLC;C;0;
OI;Oneal Inc;C;0;
AMaH;Arnold, Martinez and Henry;C;0;
PaS;Perez and Sons;P;0;6273-3384
DI;Davis Inc;C;0;
SWaM;Shah, Waller and Maxwell;P;0;3062-535X
BaS;Bennett and Sons;C;18,37;
WaS;Williams and Sons;P;0;6952-6152
J;Johnson-Ball;C;9,43;
FHaG;Flores, Harvey and Gay;C;11,16;
M;Murray-Harris;C;0;
GG;Galvan Group;C;0;
BG;Barron Group;P;0;5592-2032
SSaC;Simmons, Suarez and Conner;P;0;9993-3635
MWaT;Miller, Ward and Taylor;C;0;
KWaB;Krause, Wolf and Brooks;C;0;
S;Smith-Brown;C;18,68;
BWaM;Burns, Willis and Martin;P;0;2904-001X
PG;Paul Group;P;4,11;2871-864X
HaS;Hudson and Sons;P;0;4122-025X
CL;Carter LLC;C;0;
L;Long-Salazar;P;0;8961-6314
DL;Dennis Ltd;P;0;8566-0143
CG;Collins Group;C;0;
JL;Johnson Ltd;P;2,1;3276-5193
MWaH;Mccarty, Ware and Herman;C;0;
MG;Moore Group;P;0;5294-005X
SCaB;Stone, Cabrera and Brennan;P;3,26;8326-327X
LMaT;Lin, Manning and Taylor;P;30,8;1291-144X
G;Green-Ryan;C;17,68;
LG;Luna Group;C;0;
PTaC;Perry, Thompson and Coffey;P;0;6475-516X
WL;Williams Ltd;C;24,61;
E;Estrada-Davis;P;5,84;6329-617X
R;Reyes-Hoover;C;15,54;
VMaW;Vega, Myers and Winters;P;0;7356-7154
BP;Brown PLC;P;0;4561-829X
RCaP;Riley, Castro and Payne;P;7,75;2764-634X
GDaH;Greer, Dixon and Hernandez;C;0;
RDaF;Robinson, Duncan and Flores;P;7,10;7787-7480
I;Irwin-Guerrero;C;0;
KI;Kent Inc;P;0;4884-752X
DFaM;Dickerson, Farrell and Miller;C;0;
HL;Hernandez Ltd;P;0;5685-463X
EMaC;Edwards, Mitchell and Cooper;P;0;7301-222X
HRaW;Howard, Roberts and Walsh;P;0;2424-807X
OL;Ortiz LLC;C;0;
GaS;Gibbs and Sons;P;0;2391-1370
JPaS;Johnston, Phillips and Smith;P;0;9197-1397
GJaT;Garrison, Jones and Townsend;C;0;
OP;Ortega PLC;P;2,53;1479-130X
N;Nichols-Hoover;P;5,65;3717-580X
H;Harrington-Stokes;P;0;9963-722X
RHaS;Rodriguez, Hood and Smith;C;0;
B;Butler-Lopez;C;0;
ML;Martin Ltd;C;0;
BL;Baldwin LLC;C;0;
MSaR;Mitchell, Strickland and Roberts;C;0;
SL;Smith LLC;P;0;0915-711X
HGaF;Hester, Gutierrez and Freeman;P;0;6682-1777
GAaR;Gonzalez, Anderson and Reed;C;0;
D;Davis-Gentry;P;0;5453-160X
C;Chavez-Austin;C;2,38;
LI;Lucas Inc;P;0;2960-2542
DOaR;Drake, Oneill and Ramirez;C;0;
TaS;Thompson and Sons;C;6,45;
LL;Lewis Ltd;P;0;8631-299X
JSaG;Johnson, Simpson and Guerrero;C;0;
SKaR;Sullivan, Kelly and Roberts;C;0;
FBaW;Fuentes, Bush and Walsh;P;0;9334-5862
NaS;Nguyen and Sons;C;0;
SJaR;Strickland, Jones and Ray;P;0;9537-9155
RMaW;Rosales, Moore and Webb;P;25,1;9106-293X
BMaH;Beard, Mcdonald and Huerta;C;0;
BSaF;Bryant, Smith and Fernandez;C;0;
EL;Ellis LLC;P;0;1701-598X
BCaH;Bullock, Campbell and Hoffman;C;0;
DCaY;Dixon, Cruz and Young;P;0;3055-739X
JaS;Johnson and Sons;C;0;
JBaM;Jimenez, Barnes and Murphy;P;0;0597-3265
SaS;Smith and Sons;C;0,98;
JTaV;Johnson, Thompson and Vaughn;C;0;
RWaJ;Roberts, Woods and Johnson;C;0;
P;Phillips-Adams;P;0;8891-3726
AL;Aguilar Ltd;C;0;
BGaR;Brown, Gilbert and Ramos;C;0;
MRaS;Mccoy, Rice and Sutton;C;0;
SI;Silva Inc;P;4,68;6454-414X
CI;Chan Inc;P;0;2625-631X
PPaW;Perez, Palmer and Wood;P;15,3;0358-924X
RaS;Rivera and Sons;C;3,95;
MI;Morris Inc;P;19,59;3049-3634
HAaA;Horton, Alvarez and Alvarez;C;32,88;
MBaN;Mcguire, Blackburn and Norton;P;12,54;7296-3081
MWaB;Miller, Wood and Booker;C;0;
V;Villanueva-Wang;C;0;
WWaM;Williams, Walls and Moore;P;0;3980-188X
SBaO;Sanchez, Benton and Olson;C;0;
A;Anderson-Parsons;C;27,9;
ESaC;Edwards, Simmons and Cordova;C;32,46;
TOaR;Thomas, Oliver and Rice;C;0;
JFaH;Jones, Ford and Holmes;P;0;9345-245X
CCaS;Cherry, Cooley and Stafford;P;0;7884-6929
TBaN;Thomas, Ball and Nelson;C;2,40;
GNaD;Griffith, Nelson and Duncan;C;0;
FP;Franklin PLC;P;0;0881-509X
JMaM;Johnson, Morrow and Mcknight;C;4,34;
MDaU;Mcmillan, Daniel and Underwood;C;0;
PGaH;Perry, Gutierrez and Hill;C;0;
KAaK;Krause, Anderson and Kelly;P;0;3257-415X
HWaS;Hess, White and Stone;C;0;
TRaM;Taylor, Reyes and Martin;P;0;1057-578X
RI;Richardson Inc;C;0;
TL;Tran Ltd;C;0;
RSaW;Richmond, Sparks and Walker;P;0;9744-607X
BI;Brooks Inc;C;0;
MMaJ;Meadows, Morgan and Johnson;P;0;4466-2118
MGaB;Macias, George and Best;C;0;
JPaP;Jones, Pruitt and Parsons;P;6,11;6120-2757
SG;Simmons Group;P;0;2321-563X
JG;Jones Group;C;0;
HP;Hernandez PLC;C;0;
HAaW;Hampton, Anderson and Williams;C;0;
PI;Pham Inc;C;0;
RSaC;Rios, Sutton and Carson;P;0;8881-467X
WGaD;Wilson, Garcia and Duffy;P;0;4886-603X
NG;Navarro Group;C;0;
NSaM;Nichols, Smith and Massey;C;0;
WSaS;Wells, Stout and Sandoval;P;0;3706-794X
EWaP;Evans, West and Payne;P;0;6744-5474
JYaH;Jones, York and Hamilton;C;0;
CP;Clark PLC;C;1,1;
GI;Griffith Inc;C;0;
DHaV;Durham, Howell and Vasquez;C;35,85;
ARaM;Alexander, Russell and Moreno;P;0;8809-839X
SMaD;Silva, Mclean and Davenport;P;0;6754-376X
FL;Ferguson Ltd;C;0;
RRaC;Rogers, Roberson and Clark;P;0;1486-615X
K;Kemp-Reyes;P;0;4184-1972
FaS;Farmer and Sons;C;0,40;
CCaH;Calhoun, Cummings and Herrera;P;0;8877-0942
JP;Johnson PLC;C;5,95;
AFaD;Alvarado, Fields and Dean;P;0;2599-014X
WJaP;Wells, Jacobs and Pruitt;C;0;
RL;Rose Ltd;C;0;
FMaW;Fletcher, Mendez and Warner;P;0;0678-632X
KL;Kennedy LLC;P;0;5743-0139
SCaM;Solis, Carter and Martin;P;2,87;5996-9892
HKaJ;Hamilton, Kennedy and Johnson;P;0;5760-395X
KGaT;Kelley, Guerra and Turner;C;0;
HI;Hughes Inc;C;0;
AAaM;Anderson, Aguirre and Morse;C;1,22;
PCaH;Potter, Carr and Harrell;P;33,42;1467-4945
RWaH;Rodriguez, Watson and Hunter;C;0;
DFaW;Dorsey, Ford and Wilson;P;0;0512-8300
JWaM;Johnson, Watson and Miller;P;0;2454-2796
HWaM;Hernandez, Weaver and Monroe;P;5,40;6500-257X
SMaH;Schultz, Murray and Harrington;C;0;
JI;Jones Inc;C;0;
EI;Ellis Inc;C;2,47;
WVaA;Wagner, Vargas and Andrade;P;0;6555-488X
TCaL;Trujillo, Cooper and Lopez;C;0;
VaS;Vazquez and Sons;P;31,50;2149-9494
VL;Vaughn Ltd;P;0;9515-402X
WCaB;Warren, Clark and Baker;P;0;3686-7577
WLaE;Williams, Lara and Ellis;P;0;7130-806X
ZFaB;Zimmerman, Flores and Brooks;C;0;
CPaR;Castillo, Perkins and Riddle;C;0;
MHaB;Molina, Harmon and Butler;P;0;2423-9851
HPaB;Hayes, Padilla and Booth;C;0;
JRaL;Johnson, Ray and Lee;C;0;
HMaD;Hunter, Mitchell and Day;P;0;7257-3908
DWaP;Dawson, Williams and Pennington;C;0;
JHaN;Johnson, Hayes and Norris;C;0;
NTaW;Newman, Turner and Webster;P;0;1793-2177
SGaM;Sparks, Garcia and Marquez;C;0;
NL;Newman LLC;P;0;6621-972X
WMaH;Walsh, Martinez and Haynes;C;18,55;
ZDaA;Zhang, Daniel and Ashley;C;0;
JJaA;Jones, Jones and Anderson;C;0;
KFaD;Knox, Franco and Dickerson;C;13,34;
CMaR;Chandler, Mueller and Ramirez;C;0;
JBaB;Johnson, Bullock and Bryant;P;0;0553-812X
CWaN;Cooper, Ward and Norton;P;0;5966-640X
TBaT;Taylor, Benton and Tanner;P;0;0363-516X
LJaS;Lowe, Jones and Swanson;P;0;2861-4360
BMaC;Bell, Mcdaniel and Christensen;C;0;
WMaB;Wheeler, Martinez and Bradshaw;C;14,82;
MHaM;Mckinney, Hamilton and Mann;C;0;
DWaK;Dixon, Wells and Kim;C;0;
WWaB;Watts, Ward and Bailey;C;0;
HGaR;Hester, Garcia and Rojas;P;0;4835-5344
RGaW;Roberts, Gomez and Williams;P;0;3582-7241
ABaG;Abbott, Baker and Green;C;0;
BFaI;Butler, Freeman and Ingram;C;19,24;
TI;Taylor Inc;P;0;9885-7134
LFaB;Lyons, Fleming and Blake;P;0;2187-1278
HGaT;Hansen, Green and Thompson;C;0;
DBaC;Douglas, Berg and Collins;P;0;2974-4279
HSaC;Hinton, Smith and Cannon;C;16,96;
MMaG;Mckinney, Molina and Greene;P;0;6899-915X
YBaY;Yoder, Brooks and Yoder;C;6,18;
ERaF;Edwards, Rodgers and Ferguson;C;11,47;
WSaM;Weaver, Simpson and Mcclure;P;5,71;1042-2307
WRaC;Weber, Rodriguez and Campbell;P;2,99;7624-619X
AaS;Ali and Sons;P;0;2694-239X
BOaJ;Bryant, Ortiz and Jacobs;C;0;
JSaP;Johnson, Solomon and Perez;C;0;
WPaC;Wells, Patrick and Clark;C;0;
SEaM;Simmons, Escobar and Mosley;C;8,47;
HGaH;Haney, Guerra and Hamilton;C;7,33;
FJaC;Ford, Johnson and Cox;P;0;6351-5746
LHaP;Little, Holland and Pierce;P;0;5521-1816
DWaM;Davis, Williams and Martinez;C;0;
Q;Quinn-Thomas;C;25,70;
TG;Thompson Group;P;0;1387-413X
SKaM;Stone, Kim and Massey;P;0;4108-588X
OBaV;Owens, Brown and Vasquez;P;0;8925-2922
TMaD;Thomas, Morris and Davis;P;4,14;7076-867X
KSaS;Kennedy, Simpson and Sutton;P;1,69;2123-615X
LCaL;Lee, Campbell and Lawson;C;31,45;
BTaD;Bell, Thompson and Daugherty;C;21,59;
LSaD;Lopez, Strong and Duffy;C;0;
WG;Williams Group;C;0;
WCaC;Walker, Cooper and Carrillo;P;0;7526-905X
TFaM;Taylor, Fuller and Morrison;P;0;8181-1846
MKaV;Morse, Kim and Valencia;P;6,86;2763-336X
AHaW;Andrews, Huang and Walton;P;0;8498-4798
DP;Dunlap PLC;C;1,42;
GWaW;Griffith, Weber and Woods;C;0;
GJaB;Gonzalez, Johnson and Boone;P;0;6382-615X
HLaB;Henderson, Lewis and Barry;C;0;
NWaL;Nunez, Weber and Larson;P;9,79;7580-3782
HJaB;Hill, Jones and Burnett;C;0;
TAaH;Todd, Alvarez and Hines;C;0;
ORaL;Owens, Ramirez and Leon;C;0;
LBaR;Lopez, Burch and Rodriguez;P;0;3437-0336
AKaM;Allen, Key and Molina;P;0;3463-4029
PBaA;Powell, Ball and Austin;C;0;
BMaS;Black, Mccoy and Steele;P;25,6;1070-3280
LBaC;Lowe, Barrett and Cole;P;29,98;4132-020X
TYaS;Taylor, Yang and Smith;C;0;
HPaC;Henderson, Peterson and Collins;P;8,48;3829-418X
FRaG;Frye, Ramirez and Gray;C;0;
SPaD;Smith, Parker and Davis;C;11,27;
LLaC;Lee, Lynch and Cook;C;0;
LYaP;Lynch, Young and Perez;C;0;
SWaR;Schneider, Ware and Reynolds;P;0;9783-9896
GBaM;Gibson, Barton and Martinez;C;0;
SRaN;Sanchez, Robbins and Nicholson;P;0;7327-652X
HIaM;Hodges, Ibarra and Miller;P;14,86;6667-949X
MCaJ;Marks, Cooper and Jones;C;0;
NGaM;Navarro, Garcia and Mendez;C;19,2;
EaS;Estrada and Sons;P;0;2488-8434
DBaG;Doyle, Burke and Garcia;C;0;
GP;Garrett PLC;C;0;
HG;Henderson Group;P;0;2868-3362
CWaC;Cummings, Watson and Collins;P;0;1699-110X
LaS;Lang and Sons;C;0;
MTaN;Mason, Thomas and Nelson;C;0;
MOaW;Mercado, Olsen and Williams;P;0;4865-0078
CLaN;Castillo, Lawson and Navarro;C;19,63;
MaS;Miller and Sons;C;0;
WWaS;Wilkerson, Wilson and Smith;C;0;
PAaG;Phillips, Anderson and Glover;C;0;
LTaM;Lyons, Turner and Morales;P;2,68;6821-2805
CPaM;Carey, Pacheco and Miles;C;0;
JBaH;Jackson, Buck and Hughes;P;2,67;7543-7031
RG;Rivas Group;C;0;
WCaJ;Weaver, Christensen and Jones;C;0;
LCaM;Lee, Clark and Miller;C;0;
TKaS;Turner, Kramer and Scott;C;0;
CJaW;Cuevas, Jones and Wright;C;2,24;
PEaH;Patel, Ellison and Hoffman;P;0;8841-975X
TPaT;Thomas, Price and Tran;C;0;
WHaM;Wood, Hartman and Moran;C;0;
HSaW;Harrington, Soto and Wilson;C;0;
HCaH;Hogan, Collins and Henry;C;0;
BCaW;Beltran, Cummings and Winters;C;0;
SFaG;Strickland, Foster and Gray;C;12,70;
MVaF;Mack, Vincent and Fitzgerald;C;0;
THaD;Thomas, Hines and Dean;P;0,24;1841-3135
BSaG;Brown, Smith and Greer;C;0;
FG;Fox Group;P;2,50;9176-7398
VBaP;Valdez, Brown and Pearson;C;0;
FCaH;Freeman, Cabrera and Howard;P;0;5615-736X
CaS;Cherry and Sons;C;0;
RKaH;Ramirez, Kennedy and Huff;P;0;2158-6984
RRaT;Roberts, Rogers and Thomas;P;0;2064-6274
BVaA;Brown, Villarreal and Armstrong;P;0;7180-838X
RAaB;Reeves, Allen and Brown;C;0;
GRaB;Guzman, Rivera and Bennett;P;0;9611-493X
JWaL;Juarez, Whitaker and Lawrence;P;0;9750-289X
YSaS;Yang, Smith and Sanchez;C;0;
CTaB;Campbell, Trevino and Bridges;P;0,91;1591-1851
BBaS;Bell, Barton and Smith;P;18,10;9853-5738
VP;Valenzuela PLC;C;0;
SRaM;Sosa, Richardson and Myers;P;12,22;3973-9913
PVaW;Perez, Villa and Washington;C;17,98;
SLaC;Smith, Lindsey and Conway;C;0;
BCaG;Barrett, Christian and Gregory;P;0;9904-3648
BHaB;Barnett, Harmon and Bright;P;0;8188-341X
NP;Nelson PLC;C;0;
FBaR;Foster, Brown and Roth;P;0;3597-551X
HHaS;Herrera, Howell and Shaffer;P;0;4574-8866
BMaD;Banks, Miller and Drake;P;0;3674-4065
DGaB;Davis, Green and Bowman;C;0;
BEaM;Brown, Evans and Mathews;P;0;0360-155X
SWaY;Sims, Williams and York;C;0;
HMaJ;Hill, Moore and Johnson;P;0;9306-1638
SSaP;Sanchez, Simmons and Perez;P;0;2244-9100
PL;Powers LLC;P;0;0866-815X
OPaH;Olson, Perkins and Hammond;P;20,94;7878-4254
YL;Young Ltd;C;0;
ARaL;Adams, Rice and Lin;P;23,41;1686-567X
RWaM;Rivera, Williams and Mcconnell;P;5,41;3308-651X
ORaS;Oliver, Rios and Stewart;P;0;5312-072X
KRaO;King, Rose and Ochoa;P;0;9810-2230
VAaB;Villanueva, Alexander and Buck;P;3,27;6154-9206
HMaG;Hammond, Mcguire and Guerra;P;0;8230-3724
DBaA;Dixon, Brady and Alvarado;C;0;
HWaK;Hayden, Wiggins and Kline;C;0;
SWaW;Snyder, Washington and Walker;C;10,94;
URaS;Underwood, Robinson and Scott;P;3,60;2579-4963
WJaR;Washington, Jackson and Roach;P;0;1853-3905
SSaL;Smith, Schmidt and Lynn;P;11,35;1905-604X
HHaJ;Hansen, Hoffman and Johnson;C;0;
RGaA;Roberts, Graham and Acosta;P;0;1992-452X
PDaL;Powell, Davis and Lewis;P;0;4355-1194
PSaM;Prince, Spears and Moore;P;0;8964-207X
WTaP;Wright, Torres and Perez;P;16,56;1969-040X
SVaE;Smith, Velez and Escobar;P;0;0101-9628
MPaS;Miller, Peterson and Stewart;C;0;
GFaH;Graham, French and Hughes;P;0;0692-6810
FHaA;Fischer, Hernandez and Acevedo;C;0;
BWaO;Butler, Wright and Osborn;C;0;
RBaS;Rios, Bryant and Smith;P;0;6290-672X
GWaM;Gonzalez, Williams and May;C;0;
SDaA;Scott, Davis and Adams;C;0;
CGaH;Chandler, Gonzales and Hall;C;0;
VI;Vaughn Inc;C;0;
LVaG;Lamb, Vasquez and Gordon;C;0;
THaB;Taylor, Hamilton and Bowman;C;17,39;
AI;Allen Inc;P;0;6026-286X
PBaS;Parker, Brown and Sanchez;C;12,87;
CHaC;Clark, Harris and Cantrell;C;0;
OMaW;Owens, Mcintyre and Wood;P;0;2206-698X
PSaJ;Proctor, Shields and James;C;0;
LGaN;Lang, Gordon and Nixon;P;15,41;6210-515X
JAaA;Johnson, Anderson and Allen;P;0;6573-252X
CMaA;Castillo, Mcguire and Allen;C;0;
FRaM;Frazier, Rogers and Moore;C;28,19;
WMaW;Washington, Martin and Winters;C;0;
CAaW;Charles, Adams and Williams;C;0;
GMaR;Gates, Murphy and Reynolds;P;0;0997-801X
HLaP;Hall, Le and Parker;P;0;3034-361X
GAaH;Graham, Archer and Hill;P;0;1844-8234
WDaF;Wilkinson, Davis and Flores;P;0;2321-024X
MCaM;Myers, Crawford and Miller;P;0;1670-865X
RDaR;Rios, Davis and Reyes;P;14,27;5496-5598
DHaO;Dawson, Howard and Ochoa;P;22,86;3289-0634
PZaJ;Peters, Zamora and Jenkins;P;0;2486-781X
NLaT;Newman, Lopez and Taylor;P;3,48;3775-195X
FJaP;Finley, Johnson and Pearson;C;0;
KG;Kerr Group;P;15,91;8150-9489
JTaG;Jones, Tran and Guerrero;C;0;
BGaM;Booth, Garrett and Murillo;C;0;
EP;Edwards PLC;P;0;6860-3557
KBaM;Knapp, Barton and Mcbride;C;0;
WHaW;Werner, Howell and Williams;C;0;
NAaF;Neal, Alvarado and Fox;P;0;8069-094X
AG;Anderson Group;P;0;9579-360X
LWaG;Livingston, White and Garcia;P;0;4224-7295
NLaC;Nguyen, Lambert and Clark;P;1,69;5112-619X
BDaW;Ball, Dodson and Wells;P;0;7076-640X
DPaS;Duran, Palmer and Smith;C;0;
GJaL;Garcia, Johnson and Larsen;P;0;3901-2379
GBaR;Garcia, Barron and Rivera;P;0;6657-697X
SLaE;Smith, Lee and Elliott;P;18,6;1641-5694
CMaH;Castro, Mendoza and Hines;C;8,37;
CNaR;Campbell, Norman and Reese;P;0,29;3237-4369
GSaB;Graham, Stone and Bailey;P;1,87;6778-7655
MBaB;Miranda, Brown and Barton;C;0;
MBaW;Miller, Bennett and Webb;C;0;
DMaP;Day, Mahoney and Perez;P;0;6399-3916
NLaS;Nguyen, Lee and Schmidt;P;2,57;4394-463X
JGaC;Jimenez, Garcia and Cunningham;P;0;4222-7642
HMaW;Hill, Mata and Wolf;P;19,96;8150-739X
PMaA;Parsons, Mccarty and Adams;C;10,12;
TLaA;Turner, Le and Acosta;P;0;9598-410X
VWaD;Valdez, Wang and Dillon;P;0;9616-3335
SJaO;Sims, Jennings and Oconnor;P;18,8;3452-266X
WLaG;Webster, Lewis and Guerrero;P;23,20;9843-1189
HFaP;Haynes, Fuller and Pearson;C;0;
DHaH;Davenport, Hunter and Hess;P;0;1552-398X
DBaM;Day, Brown and Martinez;C;2,35;
GMaW;Gray, Martin and West;C;0;
BGaH;Brown, Gordon and Hogan;P;0;7955-273X
BEaO;Boyd, Evans and Ochoa;P;0;9354-8504
HOaJ;Hale, Osborn and Jones;C;0;
MSaE;Mercer, Sullivan and Estrada;C;0;
RFaM;Rodriguez, Fox and Montoya;P;0;3536-6114
EG;Espinoza Group;C;0;
HWaG;Hamilton, Wells and Galvan;C;0;
LBaM;Lucas, Brown and Martin;C;0;
DMaN;Davis, Morales and Nguyen;C;0;
MSaF;Mata, Snyder and Ferguson;P;19,54;7231-859X
KAaD;Keller, Allison and Diaz;P;0;2511-4773
PAaW;Park, Austin and Walker;C;13,78;
DPaP;Dawson, Pace and Parsons;C;0;
CDaW;Church, Dawson and Williams;P;0;2681-512X
HSaS;Hudson, Serrano and Smith;P;2,84;2839-4271
EHaA;Evans, Harris and Adkins;P;3,4;6195-693X
BWaR;Barrera, Wall and Rodriguez;C;0;
PCaD;Pineda, Cortez and Dunn;C;25,44;
MSaB;Mejia, Sanchez and Briggs;P;7,23;3316-786X
MFaW;Macias, Fowler and Williams;C;9,45;
NRaP;Navarro, Rodriguez and Page;P;0;3864-527X
WLaM;Weaver, Larsen and Moore;C;9,60;
ATaP;Armstrong, Thomas and Powell;P;0;0174-5030
HEaS;Horn, Elliott and Sanders;P;14,13;9230-9768
AGaG;Allison, Gonzalez and Grant;P;0;3319-579X
RSaJ;Robinson, Scott and Johnson;C;0;
BSaS;Baker, Suarez and Shaffer;C;16,5;
DaS;Davidson and Sons;P;0;3046-4624
JMaP;Juarez, Mitchell and Perkins;P;2,60;4682-6361
BDaC;Barber, Duncan and Chapman;C;0;
PSaH;Patel, Sampson and Horn;C;0;
HBaJ;Hernandez, Burton and Johnson;P;0;9002-9632
PWaB;Patterson, Wilkins and Bell;P;0;2571-1848
WGaK;Weaver, Green and Kennedy;C;0;
TKaH;Taylor, Krueger and Hays;C;0;
FI;Frye Inc;P;13,10;8768-952X
MMaL;Medina, Murphy and Long;P;0;6204-1688
MRaA;Mitchell, Richard and Avila;C;6,45;
TLaS;Tapia, Lawson and Summers;P;0;4587-7876
OLaD;Owens, Lopez and Davis;P;0;6563-0152
WKaC;White, King and Callahan;C;0;
GLaK;Gutierrez, Lowe and King;P;1,68;6771-115X
HRaH;Hall, Rowe and Hoffman;P;0;8126-2616
WCaM;Wu, Campbell and Moody;C;1,93;
SCaY;Smith, Cruz and Young;P;0;7144-321X
DLaR;Duffy, Lucas and Reynolds;P;0;0414-5337
MMaD;Miller, Malone and Daniels;P;0;7563-0438
RCaC;Rodriguez, Collier and Cochran;C;0;
RCaM;Ramirez, Clarke and Myers;C;0;
WCaL;Ward, Cox and Lara;P;0;1392-294X
ZL;Zimmerman Ltd;C;25,64;
GHaM;Goodwin, Hicks and Morrison;C;0;
KHaJ;Knox, Hicks and Jackson;P;0;3616-349X
BRaH;Bass, Ramos and Holmes;C;0;
PLaH;Powell, Lee and Hebert;P;0;8165-1764
EMaT;Ewing, Malone and Thompson;P;0;5441-375X
RHaG;Rodriguez, Heath and Graham;C;0;
ZP;Zhang PLC;P;0;7841-1490
RP;Ramirez PLC;C;24,8;
MEaH;Mcdonald, Edwards and Harris;C;7,99;
PRaS;Patton, Reyes and Solis;P;0;0289-654X
MFaC;Myers, Flores and Cole;P;0;2153-059X
KWaW;Kim, Wood and Williams;C;0;
PRaD;Price, Ross and Dickson;P;7,96;1421-421X
CCaR;Combs, Clark and Robertson;P;5,7;1305-507X
WBaS;Ward, Burnett and Shaw;C;0;
FAaM;Frederick, Armstrong and Martinez;C;9,88;
MSaO;Medina, Spencer and Oliver;P;0;4949-8736
JAaC;Juarez, Armstrong and Campbell;P;0;5203-640X
CAaD;Carter, Alexander and Davenport;C;0;
LPaA;Lee, Pruitt and Ayala;C;0;
CMaG;Cuevas, Mccormick and Gomez;P;17,63;5697-027X
MCaD;Murray, Cruz and Dunlap;P;0;7629-219X
LWaJ;Lloyd, Wu and Jordan;C;0;
PWaA;Phillips, Wilson and Adams;P;16,14;2885-1045
CCaL;Cochran, Chambers and Lewis;C;18,89;
FMaA;Foster, Mclean and Aguilar;C;0;
FKaR;Flores, Keith and Reed;P;0;1416-125X
BMaL;Brown, Martin and Lynch;P;0;8368-4790
BSaP;Barron, Solis and Price;P;6,16;9486-3209
PHaT;Pittman, Hawkins and Tyler;C;15,2;
NRaS;Nelson, Rose and Stuart;P;0;5766-555X
TOaM;Tucker, Oliver and Mcgee;C;0;
GDaG;Gentry, Dean and Gaines;C;16,76;
OaS;Oconnor and Sons;C;0;
BBaP;Bowman, Ball and Prince;C;0;
SNaN;Sanders, Nguyen and Nelson;C;0;
MJaH;Merritt, Johnson and Hoffman;C;0;
SCaS;Stanton, Chang and Smith;C;19,14;
JDaS;Jackson, Daniels and Smith;P;0;5895-245X
CPaS;Caldwell, Porter and Smith;C;21,93;
WWaH;Williams, Weber and Hogan;P;2,66;0604-415X
ABaP;Avila, Bowen and Padilla;C;0;
RWaE;Rodriguez, Ware and Elliott;P;0;9694-1476
MHaS;Morris, Hammond and Smith;P;0;1406-3445
COaB;Campbell, Obrien and Brown;P;0;5479-8106
BBaR;Brown, Bennett and Rodriguez;P;0;9880-8461
GJaJ;Gonzalez, Johnson and Johnson;P;17,30;6161-9374
PMaW;Price, Moses and Ward;P;4,65;3350-9655
HHaM;Hebert, Hernandez and Mcintosh;P;0;0243-179X
KCaP;Knox, Clark and Patel;P;4,68;8850-090X
HBaS;Henson, Barron and Stout;P;7,92;9735-921X
CTaR;Carpenter, Taylor and Robbins;P;6,41;8370-969X
LP;Lam PLC;C;0;
RWaP;Ray, Williams and Phillips;P;0;3434-5583
WLaR;Walker, Lee and Reynolds;P;0;8799-208X
SPaE;Sanchez, Perkins and Evans;P;0;5583-501X
JMaW;Johnson, Myers and Williams;C;0;
JLaV;James, Lloyd and Vazquez;P;0;5181-2828
KHaW;Knapp, Ho and Walker;P;3,58;1279-2345
BSaM;Butler, Stevenson and Miller;C;10,5;
PBaL;Phillips, Burns and Lee;P;0;5743-4099
HCaB;Horne, Cruz and Burns;C;22,63;
MGaS;Murphy, Gardner and Smith;C;0;
MGaG;Mcpherson, Gonzales and Guzman;C;0;
MSaC;Moreno, Small and Chandler;P;13,74;8016-9430
GMaC;Garza, Marshall and Choi;P;0;4932-4276
STaT;Smith, Taylor and Thomas;P;0;1906-0733
VFaB;Vargas, Flores and Bailey;C;0;
AMaM;Anderson, Martinez and Mooney;P;0;1337-338X
JLaH;Jackson, Lee and Hale;P;0;2469-987X
KWaM;King, Winters and Medina;C;0;
HKaC;Hicks, Kramer and Calderon;C;0;
FHaF;Fisher, Hill and Ford;P;0;8436-385X
GKaW;Garcia, Kim and Ward;C;1,83;
EAaF;English, Aguirre and Ferguson;C;13,47;
CBaG;Cervantes, Brown and Garrett;C;0;
LMaR;Larson, Murphy and Ramos;C;11,16;
WAaK;Wright, Anderson and Krause;C;0;
VG;Vang Group;C;0;
SKaP;Smith, King and Palmer;P;30,21;9826-728X
VSaP;Valdez, Singleton and Park;P;0;2227-3938
CNaT;Cain, Newman and Thomas;C;7,77;
HTaM;Hoffman, Tucker and Moore;C;3,51;
BPaA;Barton, Perez and Alvarado;C;0;
DBaR;Daniels, Brown and Roberts;P;13,6;3778-262X
MJaC;Mckinney, Johnson and Castillo;P;5,97;2015-525X
CWaM;Charles, Ward and Merritt;C;0;
OSaL;Olsen, Silva and Lynch;P;0;3479-119X
FRaK;Freeman, Ramsey and Klein;C;0;
WFaH;Wilson, Fowler and Hall;C;0;
STaE;Stout, Tanner and Escobar;P;0;0909-374X
MLaA;Mcdonald, Lewis and Anderson;P;0;4994-856X
CWaB;Cline, Wilson and Burch;C;7,32;
RUaR;Reynolds, Underwood and Richardson;P;0;4639-1981
SRaW;Smith, Rodriguez and Weaver;P;0;5250-4821
SNaW;Stephens, Nelson and Williams;C;0;
JLaL;Johnston, Lowe and Lee;P;0;4819-4367
OHaH;Oconnell, Hart and Hernandez;C;0;
TKaC;Taylor, Kelley and Christensen;C;0;
HMaF;Hodges, Martin and Flores;P;21,72;7141-5662
BGaW;Banks, Gomez and Wang;P;0;0721-9178
GHaN;Good, Hoffman and Nelson;P;0;9525-2397
JWaW;Jones, Wu and Williams;P;0;2369-625X
SMaM;Smith, Moore and Maddox;C;0;
MRaB;Marquez, Rodriguez and Bowen;P;0,86;8800-1085
PRaB;Parks, Ramirez and Baker;P;0;8970-739X
LEaA;Lopez, Escobar and Andrews;P;0,10;8458-999X
HMaL;Holden, Morse and Lam;C;4,36;
WGaW;Washington, Glover and Wright;C;9,79;
THaP;Thompson, Hopkins and Potter;P;0;7175-2496
TBaP;Thompson, Burns and Perez;P;0;8507-621X
KWaT;Klein, Wall and Torres;C;0;
SLaB;Stevens, Lopez and Brown;C;14,35;
GBaC;Gill, Brown and Caldwell;C;0;
RHaA;Rodriguez, Hawkins and Archer;C;9,49;
RHaL;Robinson, Hensley and Lewis;P;3,50;2788-907X
MVaM;Mcguire, Vang and Mcdonald;C;0;
BCaB;Boone, Clarke and Brown;C;0;
YHaB;Young, Houston and Brown;C;16,1;
BCaF;Bean, Chapman and Farrell;P;0;0058-403X
SCaL;Shaffer, Crawford and Lloyd;P;0;0137-002X
HBaM;Hamilton, Bray and Moore;C;8,69;
AJaS;Adams, Johnson and Smith;C;0;
MGaY;Martinez, Griffin and Young;P;5,51;3906-5928
JHaC;James, Hancock and Calderon;P;4,52;8213-904X
VWaJ;Valenzuela, Williams and Johnson;P;5,37;9921-3882
CSaW;Castro, Smith and Willis;P;0;2985-4932
ARaR;Ashley, Rice and Rodriguez;P;0;9745-6282
CMaB;Castro, Mclaughlin and Butler;C;0;
EMaM;Edwards, Mann and Meyer;P;0;2159-5842
KP;Kaiser PLC;C;0;
LAaT;Larsen, Anderson and Thompson;P;0;8006-8825
PZaM;Parker, Zamora and Mccarthy;C;9,93;
EAaS;Evans, Allison and Santiago;P;0;0459-9022
RLaR;Rivera, Livingston and Reed;P;0;3866-2043
TMaH;Tran, Mayer and Hampton;P;0;5395-4924
LAaL;Long, Adams and Love;C;0;
VGaR;Vargas, Green and Reed;P;3,0;0831-7417
KaS;Knight and Sons;P;0;4157-994X
AKaB;Alvarado, Kramer and Barnes;P;10,66;5916-0314
LMaH;Little, Miles and Haley;P;0;6388-887X
LGaT;Lopez, Gordon and Thornton;C;0;
SPaW;Smith, Price and Williams;C;0;
RGaR;Romero, Gardner and Rodriguez;P;0;8990-492X
EHaP;Estrada, Harris and Phelps;C;0;
FGaP;Fisher, Garcia and Patel;P;0;4143-653X
FWaF;Fowler, Willis and Frank;P;0;7636-2236
DBaJ;Dickerson, Brown and Jones;P;0;7572-454X
TSaB;Terrell, Stewart and Bradley;C;0;
BBaE;Boyle, Berry and Ellis;P;0;1582-219X
TWaB;Taylor, Wood and Becker;P;0;5893-0681
HHaH;Hall, Hughes and Hines;C;0;
TNaO;Torres, Nelson and Owen;C;0;
SBaG;Sanchez, Baldwin and Griffin;P;18,13;1729-7522
RRaZ;Ross, Rogers and Zuniga;P;0;7483-509X
TCaR;Taylor, Cox and Ruiz;C;0;
LFaL;Long, Fox and Lewis;C;16,56;
HWaB;Hale, Woodard and Brown;C;16,65;
NJaP;Nash, Johnson and Palmer;P;0;5255-0476
DPaC;Doyle, Peters and Carey;C;0;
JIaN;Jones, Ibarra and Nelson;P;0;5653-701X
RTaM;Rodriguez, Thomas and Medina;C;0;
OSaF;Olson, Sanchez and Frank;C;0;
PSaL;Patel, Stephens and Lucero;C;0;
WAaB;Williamson, Armstrong and Brown;P;0;6525-672X
RHaM;Rodriguez, Henderson and Mathews;P;3,78;0445-8473
GSaS;Goodman, Simpson and Smith;C;0;
WLaS;Weaver, Lowe and Soto;P;0;9835-0235
BRaM;Bryant, Roberts and Martinez;C;0;
LBaA;Lopez, Bryant and Alvarez;P;0;6194-6464
YBaW;Young, Baker and Weber;C;23,86;
PJaJ;Peterson, Jones and Jordan;C;0;
TTaG;Taylor, Tucker and Greene;P;19,45;0284-107X
HDaR;Huang, Dixon and Riley;C;17,60;
JMaG;Johnson, Martinez and Garza;C;13,37;
SWaP;Snyder, Wilson and Pace;C;0;
FMaM;French, Mayer and Morris;P;0;0115-9091
PDaS;Patrick, Davis and Snyder;C;0;
YP;York PLC;C;0;
LJaJ;Lewis, Johnson and Jacobs;P;19,65;2950-723X
ETaR;Edwards, Terry and Rogers;C;0;
RPaB;Roberts, Pittman and Bailey;C;0;
MMaP;Martin, Matthews and Powers;C;28,1;
OG;Ochoa Group;C;0;
JRaR;Jacobs, Reyes and Richardson;C;0;
ECaM;Evans, Cooper and Morris;C;8,6;
NWaJ;Newman, Williams and Jackson;C;0;
BTaT;Brown, Thomas and Turner;P;0;5168-4009
SSaM;Smith, Singh and Miller;P;4,3;1772-0879
CTaK;Cruz, Turner and King;C;0;
JHaH;Jones, Haas and Harvey;C;0;
CWaH;Cruz, Wilson and Hill;P;0;1228-082X
PFaH;Patterson, Fernandez and Herrera;C;12,9;
YaS;Young and Sons;P;4,49;5966-2489
AMaE;Andrews, Mcmahon and Erickson;P;0;4138-2021
SRaG;Sanders, Roberts and Garcia;C;1,19;
CLaS;Calderon, Lee and Shields;P;0;1165-682X
GWaG;Gonzalez, Wiggins and Graves;C;0;
COaW;Castaneda, Olsen and Williams;P;38,99;3952-6768
SRaD;Summers, Reynolds and Dean;C;0;
ARaG;Adkins, Ruiz and Good;P;0;2747-4377
BBaM;Bright, Burton and Miller;C;0;
SHaW;Smith, Hunter and Williams;P;0;2392-896X
CBaK;Carter, Baker and Knight;P;0;7829-669X
TJaP;Thomas, Johnson and Palmer;C;0;
BHaS;Bell, Harris and Stevens;P;0;2962-555X
LCaD;Lucas, Conner and Dennis;P;0;0154-211X
PGaG;Powell, Garcia and Gray;P;14,2;6902-749X
PAaS;Phillips, Anderson and Schmidt;C;4,87;
MRaH;Moon, Rollins and Henderson;C;16,2;
SSaS;Smith, Sullivan and Smith;C;9,15;
BCaJ;Burke, Conley and Jacobson;P;0;8230-973X
MLaT;Martinez, Lynn and Thomas;P;1,36;8357-520X
AFaA;Anderson, Frazier and Anderson;C;25,91;
RRaM;Rivera, Reynolds and Mcguire;P;6,66;2556-297X
CPaW;Cruz, Powers and Walter;P;0;4938-307X
CEaB;Carter, Estes and Ball;C;0;
WYaT;Williams, York and Taylor;P;5,45;2225-909X
DRaW;Daugherty, Ross and Watts;C;1,14;
DLaD;Dickerson, Lindsey and Diaz;P;0;6331-4130
MYaL;Massey, Young and Lamb;P;18,56;3801-304X
WBaW;Williams, Bell and Walsh;C;14,40;
HMaM;Harper, Munoz and Morton;C;12,69;
RMaD;Romero, Mann and Davis;P;1,23;0985-9257
PP;Pierce PLC;C;0;
LWaD;Larsen, Wang and Davis;C;0;
TJaH;Thomas, Jimenez and Hernandez;P;0;8610-2820
SHaC;Schmidt, Hamilton and Curtis;C;0;
MDaG;Miller, Douglas and Giles;C;3,76;
MRaJ;Miller, Rios and Jones;C;0;
BLaL;Blevins, Lamb and Love;C;0;
MNaC;Marks, Nunez and Castillo;P;0;4103-2673
CJaF;Campbell, Jackson and Frazier;C;0;
MPaC;Marshall, Payne and Chung;P;0;7816-6856
MBaH;Morris, Boyle and Hunt;C;5,24;
BKaA;Brown, Knight and Alvarado;C;0;
JBaF;Jordan, Brown and Flynn;C;0;
